"0","teosinte_snp_genotype <- cbind(snp_position_arranged, teosinte_genotypes_trans)"
"0","# Combining snp_position_arranged with teosinte_genotypes_trans at the 1,1 position"
"0","maize_snp_genotype <- cbind(snp_position_arranged, maize_genotypes_trans)"
"0","# Combining snp_position_arranged with maize_genotypes_trans at the 1,1 position"
"0",""
"0","# Print the number of rows for each data frame"
"0","nrow(maize_genotypes_trans)"
"1","[1]"
"1"," 983"
"1","
"
"0","nrow(teosinte_genotypes_trans)"
"1","[1]"
"1"," 983"
"1","
"
"0","nrow(snp_position_arranged)"
"1","[1]"
"1"," 983"
"1","
"
